id,name,model_id:id,group_id:id,perm_read,perm_write,perm_create,perm_unlink
access_laundry_machine_user,laundry.machine.user,model_laundry_machine,base.group_user,1,0,0,0
access_laundry_machine_storekeeper,laundry.machine.storekeeper,model_laundry_machine,laundry_stock.group_laundry_storekeeper,1,1,0,0
access_laundry_machine_manager,laundry.machine.manager,model_laundry_machine,laundry_base.group_laundry_manager,1,1,1,0
access_laundry_machine_admin,laundry.machine.admin,model_laundry_machine,laundry_base.group_laundry_admin,1,1,1,1
access_laundry_norm_user,laundry.consumption.norm.user,model_laundry_consumption_norm,base.group_user,1,0,0,0
access_laundry_norm_storekeeper,laundry.consumption.norm.storekeeper,model_laundry_consumption_norm,laundry_stock.group_laundry_storekeeper,1,1,0,0
access_laundry_norm_manager,laundry.consumption.norm.manager,model_laundry_consumption_norm,laundry_base.group_laundry_manager,1,1,1,0
access_laundry_norm_admin,laundry.consumption.norm.admin,model_laundry_consumption_norm,laundry_base.group_laundry_admin,1,1,1,1
access_laundry_stock_issue_production,laundry.stock.issue.production,model_laundry_stock_issue,laundry_base.group_laundry_production,1,1,1,0
access_laundry_stock_issue_storekeeper,laundry.stock.issue.storekeeper,model_laundry_stock_issue,laundry_stock.group_laundry_storekeeper,1,1,1,0
access_laundry_stock_issue_manager,laundry.stock.issue.manager,model_laundry_stock_issue,laundry_base.group_laundry_manager,1,1,1,1
access_laundry_stock_issue_finance,laundry.stock.issue.finance,model_laundry_stock_issue,laundry_base.group_laundry_finance,1,0,0,0
access_laundry_stock_issue_line_production,laundry.stock.issue.line.production,model_laundry_stock_issue_line,laundry_base.group_laundry_production,1,1,1,1
access_laundry_stock_issue_line_storekeeper,laundry.stock.issue.line.storekeeper,model_laundry_stock_issue_line,laundry_stock.group_laundry_storekeeper,1,1,1,1
access_laundry_stock_issue_line_manager,laundry.stock.issue.line.manager,model_laundry_stock_issue_line,laundry_base.group_laundry_manager,1,1,1,1
access_laundry_stock_issue_line_finance,laundry.stock.issue.line.finance,model_laundry_stock_issue_line,laundry_base.group_laundry_finance,1,0,0,0
access_laundry_request_production,laundry.purchase.request.production,model_laundry_purchase_request,laundry_base.group_laundry_production,1,0,0,0
access_laundry_request_storekeeper,laundry.purchase.request.storekeeper,model_laundry_purchase_request,laundry_stock.group_laundry_storekeeper,1,1,1,0
access_laundry_request_purchaser,laundry.purchase.request.purchaser,model_laundry_purchase_request,laundry_stock.group_laundry_purchaser,1,1,1,1
access_laundry_request_manager,laundry.purchase.request.manager,model_laundry_purchase_request,laundry_base.group_laundry_manager,1,1,1,1
access_laundry_request_finance,laundry.purchase.request.finance,model_laundry_purchase_request,laundry_base.group_laundry_finance,1,0,0,0
access_laundry_request_line_storekeeper,laundry.purchase.request.line.storekeeper,model_laundry_purchase_request_line,laundry_stock.group_laundry_storekeeper,1,1,1,1
access_laundry_request_line_purchaser,laundry.purchase.request.line.purchaser,model_laundry_purchase_request_line,laundry_stock.group_laundry_purchaser,1,1,1,1
access_laundry_request_line_manager,laundry.purchase.request.line.manager,model_laundry_purchase_request_line,laundry_base.group_laundry_manager,1,1,1,1
access_laundry_request_line_production,laundry.purchase.request.line.production,model_laundry_purchase_request_line,laundry_base.group_laundry_production,1,0,0,0
access_laundry_request_line_finance,laundry.purchase.request.line.finance,model_laundry_purchase_request_line,laundry_base.group_laundry_finance,1,0,0,0
access_laundry_consumption_report_storekeeper,laundry.consumption.report.storekeeper,model_laundry_consumption_report,laundry_stock.group_laundry_storekeeper,1,0,0,0
access_laundry_consumption_report_manager,laundry.consumption.report.manager,model_laundry_consumption_report,laundry_base.group_laundry_manager,1,0,0,0
access_laundry_consumption_report_finance,laundry.consumption.report.finance,model_laundry_consumption_report,laundry_base.group_laundry_finance,1,0,0,0
access_laundry_pos_consumption_storekeeper,laundry.pos.consumption.storekeeper,model_laundry_pos_consumption,laundry_stock.group_laundry_storekeeper,1,1,1,1
access_laundry_pos_consumption_manager,laundry.pos.consumption.manager,model_laundry_pos_consumption,laundry_base.group_laundry_manager,1,1,1,1
access_laundry_opening_stock_storekeeper,laundry.opening.stock.storekeeper,model_laundry_opening_stock,laundry_stock.group_laundry_storekeeper,1,1,1,1
access_laundry_opening_stock_manager,laundry.opening.stock.manager,model_laundry_opening_stock,laundry_base.group_laundry_manager,1,1,1,1
